SR_B1,SR_B2,SR_B3,SR_B4,SR_B5,SR_B6,SR_B7,TN
0.930100024,0.989499986,1.099599957,1.004799962,0.970600009,0.826399982,0.788699985,1.71
0.778100014,0.864499986,1.057700038,0.910700023,0.812099993,0.777100027,0.766200006,1.73
0.735499978,0.826699972,1.047000051,0.91170001,0.742299974,0.775900006,0.778699994,2.15
0.729700029,0.827799976,1.053599954,0.909099996,0.745199978,0.781899989,0.783200026,2.18
0.755200028,0.841899991,1.062600017,0.913100004,0.781899989,0.770799994,0.766900003,2.4
0.922999978,0.977699995,1.104900002,1.017199993,0.908200026,0.824599981,0.797900021,2.51
0.748300016,0.843699992,1.113999963,0.943899989,0.801999986,0.782999992,0.769400001,2.31
0.718900025,0.800599992,0.99970001,0.84799999,0.7597,0.768700004,0.76819998,2.35
0.737600029,0.822600007,1.060400009,0.896300018,0.777100027,0.771300018,0.765600026,2.37
0.963400006,1.058500051,1.200199962,1.146299958,1.125699997,0.987500012,0.923099995,2.09
1.091099977,1.144299984,1.251700044,1.20449996,1.042099953,0.873000026,0.842700005,1.59
0.758300006,0.885900021,1.118700027,1.055699944,0.913800001,0.842199981,0.82950002,2.01
1.006899953,1.085299969,1.220199943,1.18719995,1.026200056,0.869000018,0.842700005,1.61
1.038499951,1.111299992,1.229900002,1.194200039,1.00849998,0.877200007,0.84829998,2.26
1.048599958,1.112100005,1.23360002,1.209100008,1.063199997,0.879899979,0.847299993,2.72
1.058500051,1.129299998,1.257099986,1.20720005,0.958400011,0.8829,0.852999985,1.33
1.073500037,1.14289999,1.265499949,1.23210001,0.9921,0.878799975,0.850300014,1.14
0.915000021,0.983699977,1.1329,1.102100015,1.11619997,0.854900002,0.83130002,1.98
1.042400002,1.109599948,1.255399942,1.174399972,0.976000011,0.886600018,0.85680002,1.03
